file,text,file_name,line_name,id
1_00,"|  = | DATE DU DEPOT  des  DECLARATIONS.  DESIGNATION DES PERSONNES DECEDEES, OU ABSENTES.  SS —— eee | |  NOMS.  PRENOMS  DOMICILES  DATE DU DECES co da JUCEMENT D'ENVOI el postession,  on cas d'absence,  NOMS, PRENOMS eT  DEMEURES DES PARTIES DECCARANTES,  MUTATION EN LIGN  le  ACTIF.  72)  DROITS DE SUCC  EN LIGNR COLLATERALR  et de  PASSIF  oy)  2 DIRECTE  RESTANT NET.  72\  DROIT DE MUTATION par décés  VALEUR dea IMMEUDLES,  wh  Vexpiration da délas de rectification  Vexigibilitd  des droits  NomEnos dela consigna- tion des droits au sammler ne 28  RECETTE CAUTH des NEMENTS, ; J\RORRVAT aed DROITS ET AMENDES. a OBSERVATIONS. nUMtROS [gAaence aes dela  (Les déctarations qui Ggurent Al'état  conslgna: | y+ 413 doivent dtre ¢margées en conte she von | tozan | quence, dans la présente ealonne } DATE (| No] Coo,  nt jo. ",1,0,1_0
1_01,ft alt alta ,1,1,1_1
1_02,,1,2,1_2
1_03,"a cnte |Abevcenk a dette  Son <a  1040’  i ee  wil  W, 4 A972 tC v4  f<aclyts Fos  ",1,3,1_3
1_04,L  3  be oi  7  Nf »- p  ,1,4,1_4
1_05,,1,5,1_5
1_06,,1,6,1_6
1_07,Aerereeti Le frespetur noverntlee 1919 thousyour “ eonctf  ET ° ,1,7,1_7
1_08,,1,8,1_8
1_09,"i benes ge Desmedk mre Pivebles \-28 rage Llc Elise, jutro,  g/4  ght) Cao) a9 90) <¢ ie fa pie t ",1,9,1_9
1_10,"= pi CUR Barn Otows Chebey + bboy, 7| Lbempeut Qckbe  Ggagra! Azer) 6699s | .  a9 ",1,10,1_10
1_11,".  oouy  Fbirn ——_ Paairin 0” 26 Yee  Sd 4 q  Bocty LB are, Ibn.  ",1,11,1_11
1_12,,1,12,1_12
1_13,a L723  | 1493}  8  L : qe  16 do?  i] 1909  14 avsilegta ER ,1,13,1_13
2_00,"hhh TCS ST  x""  ordre.  DATE DU DEPOT des  DECLARATIONS.  DESIGNATION DES PERSONNES DEC  NOMS,  PRENOMS.  DEES OU ABSENTES.  xan a  DOMICILES  DATE DU DECES ov da NOMS, PRENOMS  IUCEMENT D'ENVO!  rT an  potsession, DEMEURES DES PARTIFS DECLARANTES, en cas d'alsence,  DROITS DE SUCCESSION EN LIGNE COLLATERAL et de MUTATION EN LIGNE  ACTIF-  DIRECTE.  RESTANT NET  72)  DROIT DE MUTATION par déces  VALEUR des  IMMEUBLES.  NUMEROS des DECLARATIONS  —~_—  DATE  —  de Vexpiration du délai de rectification  de Venigibilitg  des droits,  runinos dela consigna tien des droits aa  19!  n®  RECETTE CAUTI dee NEMENTS 23 2ePRVAT 1 DROITS ET AMENDES. OBSERVATIONS. nUMEROS ee dela (Les déclarations qui figarent A Vétat coneess: n* 4t3 doivent dtre dmargdes eu consd- oer . tion au quence, dans la présente colonne ) DATE N™ | sommier rn” 30. ",2,0,2_0
2_01,,2,1,2_1
2_02,feb Lou _ erm  | | 4 ¥¢0 Z AGGtf 4A | 4 -caudlued ol Lao. pees Ch rowan e day  ayy ml 44 agro arth ,2,2,2_2
2_03,Ws Sauls Lbcbani | 2iveLl)  p  2) sad gl to Shy pt  G4  ‘919  ,2,3,2_3
2_04,Vand Aner Lbaeu  ae  |  ,2,4,2_4
2_05,,2,5,2_5
2_06,“a Bey Lg aa  | eee a) | 05 ciny gbe Sine Row fh | he Lee days wemaiee Jaber. < autos l  TELE VEL umn fe =  SS ,2,6,2_6
2_07,+H A  | ,2,7,2_7
2_08,| a era aan  dainklane |  rae Poteau Herterae «  : - |  ,2,8,2_8
2_09,,2,9,2_9
2_10,,2,10,2_10
2_11,Aih TAS  y) aa 19 DO ppacul Iemma “74 ‘7g |  ak  ,2,11,2_11
2_12,"Prcfinr Ward | 09»  aati ee : | ee - | 49 | tO : GLO SEE Livre, Abr s- degre Pabveth,,  ",2,12,2_12
2_13,,2,13,2_13
2_14,"| 4y pbs la LR, : BPP ee qa 4 | uA ARESE| | Sb g| 12067) |. | Lyd |; Hi, Lea déclarations rectificatives ot Supplémentalres portent le numéro de la déclaration qui les précéde, affect Wun exposant, (Cire n* 1374, §5  (2) Négliger les contimes. ",2,14,2_14
3_00,"DESIGNATION DES PERSONNES DECEDEES OU ABSENTES. s z E F, eda NOMS, PRENOMS DROITS DE SUCCESSION DROIT NUMEROS RECETTE Soins FONEROS 2 CAUTION-  tot LIGNE COLLATtRALE dea DATE d NEMENTS = NEMENTS,  JUGEMENT D'ENVOL 2 i DE MUTATION fel et de ECLAR. hialte — 6 par décés, [DECLARATIONS ; DROITS ET AMENDES OBSERVATIONS.  MUTATION EN LIGNE DIRECTE _  possession, = ——— DEMEURES DES PARTIES DECLARANTES | VALEUR  ye [DATE DU DEPOT  Ce ee ne ee consigna aa as eae) Nol ean numénos . . dela  de des droits canes (Les déclarations qui Sgurent A Vétat ice ration Feugit aa unite. nt git doivent ttre émargées en contd  Pare exigibilité pentaler DATE Pa | Cota qquenee, dans 1a présente colonne.}  wi  des  Carte 5 ‘ pEcLanaTions. NOMS. PRENOMS, DOMICILES. on cas d'absence, ACTIP past. | oe a NET INMEUBLES,  EE ee DATE DU DECES = SS  J  iT \ 2) 12) ",3,0,3_0
3_01,": tad a SOW Foro Vedchen ia  <6 fay  Yume Mlied -  LG | -, ",3,1,3_1
3_02,"a  \406 40  > Chaleaw Mere Posi 2 : o funy Barpslle Arter, cht 4 Mogi... \ ¥b6g, OC easly ta 4 phogs 203 te  may} q) ",3,2,3_2
3_03,"tye LwYte  i x  Reynens Sous | Pawn,  bee Goble Ordre” |  ",3,3,3_3
3_04,,3,4,3_4
3_05,,3,5,3_5
3_06,| j  Boryuiuu LrisArdh 6954 gs¢  | 13.22 ghagy | Woabsiers ~ |Gmetana! cbse | | |  Wy  ,3,6,3_6
3_07,"l  14 50  Prey, €. abhi)  y Dy a | ACT9l\ . Agégt  au  Jmne to! FE foe. |-400 ",3,7,3_7
3_08,MY  7 : bate tenet. ag  | : }  00 K( zt o* Cauley sn |  Cperigy  ,3,8,3_8
3_09,,3,9,3_9
3_10,Lge  C99L  as Ato farre Fanuc | ,3,10,3_10
3_11,,3,11,3_11
3_12,"a  ci Bi Convoinaiae- Ele. - , re  : SGT 49g  ",3,12,3_12
3_13,"(L) Les décinrations reo  Ufleatives et Supplémentaires Portent Ie  & = & & = & 5 2 Ey 3  & ‘ ae |  (2) Négligor les contimes.  ff S74, §5, note (1), ",3,13,3_13
4_00,"PATE BU DECES ade NOMS, PRENOMS DROITS DE SUCCESSION DROIT NUMEROS RECETTE cA wet es DE MUTATION eaperene DATE ee ie sey Deas ol pe ~ consigna. | DROITS ET AMENDES. re OBSERVAT IONS,  DATE DU DEPOT  Se Se a | | Be D'eNvor tr ; par décés. : . é MUTATION EN LIGNE DIRECTE * ———_.. ———_-_ } “ forlre. i ——~__— tion aumEnOS £ postession, : : SS —— —_— Ss DECLARATIONS, DEMEURES DES PARTIES DECLARAN ae VALEU de j d. dela : TES, ALEUR i de les droits b ¢ SES (Les déclarations qui 6gurent a l'état NESTANT des Vexpiration Vexlgibane au es nt 4t3 doivent Ctre émargées en conve: gibilin tion au quence. dans la peésente coloune )  du délai : sommnler DATE New  no 28  ea cas d'abseneo. sormmier  de rectification n* 30.  1 | 2 (2) @) fe) rr rl =  ACTIF. PASSIF  primitives. taires,  an DDTEUDLES. NET. des droits  a DESIGNATION DES PERSONNES DECEDEES OU ABSENTES.  NOMS. | PRENOMS. DOMICILES  ",4,0,4_0
4_01,,4,1,4_1
4_02,1B toa Chto  |  £(00. d  bei)  {EEE sf  ,4,2,4_2
4_03,,4,3,4_3
4_04,,4,4,4_4
4_05,,4,5,4_5
4_06,"taukiy $e  | |  HAO ofavie Doisenghion tat Setemot | LE mee | Jub Lxrbisy ues | tSP fie LLY,  f “914 y  ig 2 (vg Oi ean  ",4,6,4_6
4_07,oe ‘sath mays coe  Te  Ped ,4,7,4_7
4_08,,4,8,4_8
4_09,,4,9,4_9
4_10,,4,10,4_10
4_11,,4,11,4_11
4_12,"0 MLE} Tere Sucbegy, ba y eg? Hlaru Pea | bGL aa ite) i | pala apa aie ",4,12,4_12
4_13,"Avult 2  (1) Le: tiflcalives et Sipplémentaires porte  8 déclarations reo  a ae  Ota tusk navrernben 194g  (Cire. n‘ 13  74, $5, note a).  —aA—- —  (2) Négliger les contimes. ",4,13,4_13
5_00,"(Shera Satie  DATE DU DECES  BATE DO DBEST DESIGNATION DES PERSONNES DECEDEES OU ABSENTES. 5 Renta i | Re oreer +. {DATE is eu da MS, PREN ; | TS DE SUCCESSION = ‘ _--—— ~ ee JCOEMENT D'ENVOT Gee EN LIGNE c ee a eset EOS RE =r _ es, er ENV! ad aN OLLATER, o OM i? ia D'EXVO! o | a ALE erating te DATE RECETTE CAUTION- aur z MUTATION oe i f par ddetss 5 | POS EATON 3 = OBS ou 7 yang NE GNE DIRECTE pnor oN ser yi ray wm * poe ion, a el a iTS ET AMENDES. 4, SAGES Nous. PRENOMS. DOMICILES. eat DEMEUNES DES PANTIES DECLARANTES a ee edie eal qa a. avaeabs SO eee ea cas d'absonce, Dice | VALEUR Sele de ie dec dis Serge | ary fone | wed seme ‘7 3 ‘ Ls rT qui 6 at A “ ACTIF. PASSIF. RESTANT des 5 s i bexpiration Vexigititive au consigna- { sehereatarapeeet sop eth 7 . NET. IMMEUBLES, Ej ea du délad somrater DATE No: tlon at jtence, dans la présente colonne ) | (2) Q) ) 4 a] 2 de rectification des droits, ne a8 sommler j - 2 n’ 30  ",5,0,5_0
5_01,,5,1,5_1
5_02,j Soaclees Celbetion. |  | '  SU | Uf.) S40). 4x  Ss  ° ce : “Pia ,5,2,5_2
5_03,\cstng A ,5,3,5_3
5_04,i f p  St  Gf  ,5,4,5_4
5_05,,5,5,5_5
5_06,"4  Y  3 2 ce Hares! Boothe. Robucy  | Blbsrrbeixi Diezh , | GEL,  ",5,6,5_6
5_07,,5,7,5_7
5_08,"HAY nag  i  i  Fee 1G aucbyto| L4  atic oor. loath ee man | | ag y, I | | |  be | dF Proce’ : gh ad “948 428  ",5,8,5_8
5_09,MS ot | Melavitce- eine eather Al pee : f | | Gee aes PEL LG heesppe fern 4 a  (00. ee  zoo |  ,5,9,5_9
5_10,,5,10,5_10
5_11,fpr  @ ee Vermeer |  ,5,11,5_11
5_12,"Aashbabbons’ -  AdoT|  | |  Oo | tt¢aach  Lo aseillega, £6  ",5,12,5_12
5_13,,5,13,5_13
5_14,"* y Sema Peele  a) Les déclarations rectificatives et Supplémentaires Portent Io numéro de Ja déclarati  foaa| . | hada) i “a 2 ‘e Geral Ober, Katee i a : a  (2) Négliger les centimes. ",5,14,5_14
6_00,"————<—= i ad # : fc pas LES DATE DU DECES DROITS F SION | | > I re oe INE o ba E i a ONS o t is “| rE DU DEPOT UDA CG) SLD DL ATONE) ah hed eh (EE oS ou da NOMS, PRENOMS : DROIT Tak RECETTE CAUTION ‘ DATE D TPC Wt Ligue cortarteace ciptice ies fe DATE 0s pid NEMENTS h (tines B MUTATION ms re eS ee FUGEMEAT: DAUM et de sar dé DECLARATIONS bill PROITS ET AMENDES a ( ORVAT us dea | ea i MUTATION EN LIGNE DIRECTR. a Ze (er i ae : : nominos PSERY ATIONS. dorire | porsesston Bea ? er a é ERS a Sa tal ori Cet ieione! Noun. SRENGHES DOMICILES. Ns DEMEURES DES PARTIES DECLARANTES. VALEUR : se i eonsigna y flarations qui @purent A Vétat No) ca cay dabasriens : RESTANT des expiration Ventgibiied danke Ent Ctre émargdes en consé- ACTIF. PASSIF nan du délal sommier DATE NOCH eee ‘la présente colonne.) is | NET Caachi de rectification des droits nous nt 30 a a | (2) @) a ay ",6,0,6_0
6_01,,6,1,6_1
6_02,"sph oferta Ny ue aber’ ‘Wale ool: | Pavel | LeA | 1G px gel ye Cyeaed Qtunréthe 1 aud, Lid Ttfa ? £6 £6, aay Vaz 7 ",6,2,6_2
6_03,(Gy me Seen Aretha ebebeuy |Fnaeigy| Verret Brnurl xe audice bh | | : 4t4a| | eete 5) (RL yMbign LF;  | a ~ ay ,6,3,6_3
6_04,ist Be  LOL Coe| Grew. ,6,4,6_4
6_05,153 | Delal ae Cbstune  |  ,6,5,6_5
6_06,,6,6,6_6
6_07,alee  |  ,6,7,6_7
6_08,,6,8,6_8
6_09,,6,9,6_9
6_10,Yb pn  Be By : Biveblet | ABM igel  oe pes  ext  | | | Ti | Vor >| EA  ,6,10,6_10
6_11,"ss Be | Dewreur Jorn & Pes  ‘pos Poesthi TOcareivcy,  LLG  sand  ",6,11,6_11
6_12,| i  [Seolas: jeer Jateleh Most  GC bin  te  al  ,6,12,6_12
6_13,| ,6,13,6_13
6_14,aed dg  6) chose Ue  ig ames 24 PP ig Befabryues AvdeLuice | trae  mes Ci 12919 ,6,14,6_14
7_00,"Tee nnn EEE LLL  S——— on ee soem  ee ; ac: : ing pets ITS DE SUCCESSION ate lpate pu pirét| DESIGNATION DES PERSONNES DECEDEES OU ABSENTES. CAE TU DE ; jee) : SEM?) prorr |NUMEROs ‘ F é ae W LIGNE contaTt ECE N ou da NOMS, PRENOMS F ; Magi De Musigien a DATE ruxtnos RECETTE CAUTION- i Ne SSS | ; Ur een eee ""par déeés, | PECLARATiONs dela Bee oh at ; a re MUTATION EN LIGNE DIRECTE. ia pos ee | cenuigna, | DnOITS KT AMENDES, a OBSERVATIONS. Cordre: | y / —_——_————— eo ean AUAEROS DECLARATIONS. 7 j . essian, VALEUR : F 4 CLARATION! inte SrENGUa NOTES possession, Biledaus DES PARTiEY BECLA Nara, Ray ra i |3 re ike de Bh (Les déclarations qui Ggarent AV'état on cas d'absonee. ACTIF. PASSIF, ate S|) Ee Lines Pexigibitig consign | as gry doivent dtre éemargées en conse NE IMMEUDLES, @ @3 du délai “A Now tion au ‘jeence, dans fa paésente eolonne ) @ ‘a ES Ey de rectification des droits = somemler z: i (2) ni’ 30.  tr ere | Geer ee eee eA eeeneel 7 7 jain Te el ea ee ee ale ele ie albeit ee | | | | 7 ",7,0,7_0
7_01,,7,1,7_1
7_02,te 26 9% 920 | Clan asktey  Jabienrse & assbied Sattt|. 118 | BObL  | £6 dnp I ,7,2,7_2
7_03,,7,3,7_3
7_04,iio stp Meson To BE fauhy rat Cert. Ebséte | : | ey  {-N-1gy ly  ay ALOLD | | |  | ,7,4,7_4
7_05,,7,5,7_5
7_06,,7,6,7_6
7_07,| ,7,7,7_7
7_08,Seblicey tau A oma  . 4966  736  L6L4  |  | non Junclle ,7,8,7_8
7_09,,7,9,7_9
7_10,,7,10,7_10
7_11,,7,11,7_11
7_12,"Hs venspl opel  ODarsek  Feige  y 1926  4G4, if  4533  1612  160_-1- <  | [racy | ",7,12,7_12
7_13,Hegelant Lecwrznt fh Bie  ae | al a Hae ,7,13,7_13
8_00,"SION DROIT NUMEROS peihiog RECETTE cCAUTION-  ES ——————— Fi toe { 4 DATE DU-DECES } DROITS DE SUCC rane DESIGNATION DES PERSONNES DECEDEES OU b ou du NOMS, PRENOMS iN LONE coLLArfiaLe Seana des DATE ‘te SEMENTS. ' igs yeu Et eres | IRN DA | - re par décés, | DECLARATIONS Aone DROITS ET AMEXDES. = OBSERVATIONS. | ae Cee ; ° ei Li MUTATION EN LIGNE DIRECTE at TERA gga | eee et Rp ie! ae raced  : —_—<—<$—<— FATEE de 4 des droits oe (Les déclarations qul @gatent Al état f'erdre. | | DOMICILES ae DEMEURES DES PARTIES DECLARANTES. } [ices ‘ ge ‘ Vexplration | an solar devant the dangles ri  | piletanations. NOMS. faves anueres! i es passry, | RESTANT i pee Vexigibtitd, } gomnier barn ne quence, dans la prtgente eoioane }  j NET. IMMEUDLES, de rectification | des droits i  2) (3) es) 2) s ba nah a eae SE a Se A ah ha LL Na el CL a Re ee a a) Be ed DA en,  ",8,0,8_0
8_01,,8,1,8_1
8_02,"——  lag hea eae Ret ¥, rae Merger ade GE rserel- Soest | ",8,2,8_2
8_03,dea. a 14 Poagi Pbeusred Pius - 4 aulee i tay 1¢b1| &b54C 3 3 ywavutyry Lanbyes S04  | : J rettry LL FE  ,8,3,8_3
8_04,sap Hogg  41]  “ONE.  20 4t  Zi  a  GG  Lg Sig $e “  | | ,8,4,8_4
8_05,G32.  yt > Sofia jabing ol lesen  —  ta Chuan tats] | |  Wet s I Mf eal 9H a9  | v3 & aval Ii) Po  Gls t  ,8,5,8_5
8_06,433 a Gofiaak Arthur | yo a ‘ vet od | Uy B oe lye > 4 | ; | [4  ,8,6,8_6
8_07,"u + |dboutm CUS Alesis i ed age  wbsh  LOL  AAV)  cara  tf mod Ef,  Lami tea 4 ",8,7,8_7
8_08,| j  fom jan ble  0 a bbibaw Alaa cess’ glaanest  14 pees14  E > bre fy  repre Lemus « antics | ;- Ge eo ae  LY  ,8,8,8_8
8_09,"wie! 72| 290 Jo et, pam faible.  -  5 o Sevsin ae fete Geumn Drovmivls | ",8,9,8_9
8_10,""" ze eres ae a  cc  56 4  | cen : GB  f£ Oo” 2s “2/9  dy-u-f 148  ",8,10,8_10
8_11,"5 : Debutte fe Walv lus cy  t Aq Y| SeRuth Syoa\ 714 Y acel | 103 2 ane | nade liedes teil or, eal ",8,11,8_11
8_12,,8,12,8_12
8_13,i i  (1) Les déclarations Tec  5 5 ze ri - 3 * c = és = Es 8 fe Ey = 5 & = ac o i=J ce 5 = s oc a a BS = & = 5 Bs = ey s & ~ 1 e & = = = eo = : fi —  ,8,13,8_13
9_00,"No  torre.  (Wy a 1 |  |  |  DATE DU DEPOT  des  DECLARATIONS.  DESIGNATION DES PERSONNES DECEDEES OU ABSENTES $$  NOMS, PRENOMS. DOMICILES.  DATE DU bECES eu du TUSEMENT D'ENVOI en posession,  on cas dabsence,  NOMS, PRENOMS aT  DEMEURES DES PARTIES DECLARANTES  7 Fees]  ! DROITS DE SUCCESSION ees : DROIT 3 RECETTE CAUTION- tM LIGNE ContaT#aare ge des DATE UMEROS ; DE MUTATION dela des NEMENTS, et de ;, -, read r —. rel 2 pay debs DECLARATIONS soe pro’ =“ 0) 1, f NS ro MUTATION EN LIGNE DIRECTE re ere | f maepa HTS EE ASENDES* 1 womens OBSERVATIONS. 4 —_—_— tion [i ee —<—$—$— a] oar 2 del VALEUR ‘ de de des droits Sue (Les déslarations qui figurent A Vétat ep NET e expiration nt 4t3 doivent tre émargées en conve RESTANT des 5 l ibe ‘ . ACTIF. PASSIF. ay senaihares Z aaa Vexigibitite DATE Now tien aw quence, dans la préseate colonne } NET, ey E | F” | de rectification des droits Fatal 2 2) 2) fe % Se | 1 | a ",9,0,9_0
9_01,,9,1,9_1
9_02,"'  ee  ee  Sef  Z , 5 ies +  JS maysy we  ",9,2,9_2
9_03,,9,3,9_3
9_04,,9,4,9_4
9_05,,9,5,9_5
9_06,,9,6,9_6
9_07,| ,9,7,9_7
9_08,,9,8,9_8
9_09,5  F  9 Coombe Seimei  1 Bsinane ae rie re  G6  ,9,9,9_9
9_10,,9,10,9_10
9_11,,9,11,9_11
9_12,"Charice  we, Hagig  ee eee  _ gous  ",9,12,9_12
9_13,,9,13,9_13
10_00,"NE  ann! ——— —— = DATE DU DECES DROITS DE SUCCESSION DROIT NUMEROS CAUTION- ACE DU DEPOT DESIGNATION DES PERSONNES DECEDEES OU ABSENTES Gada NOMS, PRENOMS EN LIGHE CottaTémaLe RR TMUTLTOR idee DATE NUMEROS Waters . |DATE D 0 gel. dela =a STS +A N JOOENENT D'FAVOE sre par décés, | DECLARATIONS i. Veale! OBSERVATIONS. G ET MUTATION EN LIGNE DIRECTE ei pes wee a oe fea CIES ror cue ee eer ———_——~ | VALEUR | q de ds des droits son (Les déclarations qui Bearent A état ‘ontre | ¢ si seaslon, 1 ECLARAN: . m = s Vexp E fies keel at doivent ¢ marpées en cont mt DECLARATIONS. NOMS, | PRENOMS. DOMICILES, bes ee a ee Len EAU DECUARANTES, RESTANT des oy eed Vonigibitisé an ton aa he fee Mace in tania each y . | on cat Wabsenco. ACTIF. PASSIF du délai somiialer DATE Ne 1 1 NET. PMMEUBLES dex di nest sommict | E de rectiGeation les droits AY a0. ¥ LLL 5 1 | 7 Fi n ——s ns - — ~ - ~ — ",10,0,10_0
10_01,,10,1,10_1
10_02,f Pout  see ties] | at  SE. as Shug fe p 7 44 WJ aoul/gto 161 ,10,2,10_2
10_03,,10,3,10_3
10_04,Laer Mtb  = Qehaloure Lagoa Pot aa Wrinleveiite Migene  16 é “cori 7 nase Ha <gt0  I rrue'tgte Gs  ,10,4,10_4
10_05,,10,5,10_5
10_06,"b tea he Tare  S4 but | ¢é be  facqinin | Cee Ofehrsrs  i |  port Sevemcoed  vod tf 3 LY met! ip “gis  , 04 Ne  hi y  ",10,6,10_6
10_07,“aly g  x  ,10,7,10_7
10_08,,10,8,10_8
10_09,,10,9,10_9
10_10,1.1%4918| Stravyet) BMeceses  |  ,10,10,10_10
10_11,,10,11,10_11
10_12,"i yu  y  F  dbermels Abyhinte Stivell,  Va  194  ",10,12,10_12
10_13,"ra ¥ Cois ok tel ffy  S)Les déclarations roctificatives et supplémentaires Portent lo numéro de Ia déclaration qui les préckdo,  «  Aap | Hamgual Chir.  affecté d'un ©xposant, (Cire, n* 1374, §5. note (1).  IDNR ee  ",10,13,10_13
11_00,"DATE BU DECES  DESIGNATION DES PERSONNES DECEDEES OU AB:  IDATE DU DEPOT  ou da NOMS, PRENOMS Ne | FUGEMENT D'ERVOL ee a it | dea | Pe Cute : : | “ Veet DES PARTIES DILCLARANTES,  A | pictanarioss. NOMS. | pRENOMS. | pomiciues, JP DEMEURES  (Hy | |  ry , |  DROITS DE SUC SION  DROIT NUMEROS  EN LIGNE CoLtaTtaane  cA ION TE NUMEROS ve DE MUTATION Cho een he dela des oe SOT tr AT 10 ee par décés DECLARATIONS AS consigna- | DROITS ET AMENDES, ae OBSERVATIONS. MUTATION EN LIGNE DIRECTE aes z ee tiga AUMEROS Fe eee ead Hatha VALEUR de de det drotts conlce (Les déclarations qul Ggarent a état RESTANT A Vexpiration ; ‘a au nt 413 doivent (tre émargées en cunté- SSTA} © ‘exigibilicé ACTIF, PASSIF,  IMMEU du délai fommier NET, MEUBLES,  ce, dans la présente colonne )  zs ‘ Moa au  DATE eu gais ine de rectification des droits. Chind  2) Qy (2) ae  n? 30. —————————— rrr — r 1 1 ‘. n 7 - rn - ",11,0,11_0
11_01,,11,1,11_1
11_02,,11,2,11_2
11_03,"Denver, Vicks Watuehr je deny, Gorursene)~ | gala. |  fj { Y ff L  |  GA  ",11,3,11_3
11_04,,11,4,11_4
11_05,Wp bay 2h  ) ye  (elise  Mell  f rous  Coffin Lats.  x |  AD  “ys  ,11,5,11_5
11_06,Aweti & dvips Debrncher 4 Spel ,11,6,11_6
11_07,,11,7,11_7
11_08,,11,8,11_8
11_09,,11,9,11_9
11_10,,11,10,11_10
11_11,"|  Ce Doisrenc bien vtani | Yeanuwot- tare Oerhe's Parlise aude) | $6% Hi Mesgh| |  lee,  SS  ",11,11,11_11
11_12,SSN eae 9 foi  ,11,12,11_12
11_13,Awat: ~~. dcx Sear ae!  (1) Les déclarations rectificatives et supplémentaires portent lo numéro de la déclaration i | 2  a. ,11,13,11_13
12_00,"pate bu DeceS DROITS DE SUCCESSION DROIT NUMEROS fa RECETTE dior 2 ‘chs } es TE wuntzos DESIGNATION DES PERSONNES DECEDEES OU ABSENTES aie NOMS, PRENOMS UN Lowe COLLATANALE De MUTATION des DATE ite nr ME es DATE DU DEPOT et de par déeds DECLARATIONS s pactrs er AMenDES, _ —— \OEMEAT DENVOL ' wWoEN te 14 stds — - me ~ > 73 $$$ — geen Uden : : it MUTATION EN LIGNE DIRECTE es aes Ss eae : fo © Sach dela u VALEUR B ve ae | pouessdon, DEMEURES DES PARTIES DECLARANTES, eee £4 expiration i bila SLARATIONS } PRENOMS DOMICILES, c aig Venigibili 7 pe i DECLARA NOMS. PRENOMS. és ea bea i TiMtdEcks? a3 da déiai ps DATE N | z de rectification ea droits. | |  ",12,0,12_0
12_01,pea Brian pot a  i — : ead fs  ,12,1,12_1
12_02,Clatreed  Grimund  Winbls  - Mb Less Lig H  —_______>»—___—. ,12,2,12_2
12_03,,12,3,12_3
12_04,,12,4,12_4
12_05,| Arvest’ -b eerghern cweermbe tg.cg Meson  — ,12,5,12_5
12_06,caer CiVbert Ebtimectiee | Obzbery  |  of aclyes | ve  i be ren a Pig ta ,12,6,12_6
12_07,,12,7,12_7
12_08,| 3 re | hd? > | Mote Marin — 6h anv i | Chiu |e Ahern Jasbed  L646.  6646  ,12,8,12_8
12_09,"caotaad | Meg | agin “l ae, Ploccageutoc Ler pr) | | $f Gy ",12,9,12_9
12_10,,12,10,12_10
12_11,,12,11,12_11
12_12,nln Lishe Fosuph Basses  1 shy  Gordan Abe; » « |  S  S  Q “A ,12,12,12_12
12_13,i  seta ite | 4h2b| | ree Lal  WOt ate tes ,12,13,12_13
13_00,"i SS = = ae a — ny | pate DU DECES DROITS DE SUCCESSION Tabs aie a aaa NE YA DESIGNATION DES PERSONNES DECEDEES OU ABSENTES. °; one | - Seca Alechehins pDRotIr NUMEROS 7 = x"" DATE DU DEPOT “ ou do NOMS, PRENOMS town CoLLaTtnane ne ao es DATE NUMEROS : * DE MUTATION a ? 3. SS es Ee eS || et de ; Ec ‘ aera = : dea a i Li MUTATION EN LIGNE DIRECTE mes ae | pee aap see eee ea | pnsignag | SROLIS RY; AMENORSS OBSERVATIONS j a ATION ED iNE DIRECTE a po vg pas numtnos Cordre. | Ba ae ALEU és a eee tel | pECLARATtONs. NOMS prinoms DOMICILES (me DEMEURES DES PARTIES DECLARANTES Mees e lat nae se api resign Ueipedanlspgrdaales Sydqan goer | MS. NOMS, i 4 RESTANT des = “Be Verpiration jal an nt qry doivent tre émargées en conse on cas Wabeanco, ACTIF. PASSIF 2 | 38 Vexigibilite som tion au | quence, dans La présente culonne } | 5 ASS ee ane q | 34 du détat ommier DATE Nee | eres) se pldsente colonie (1) ye E |e de rectification des droits. ror ey i A ———————————————————— 2) (2) (2) re} : at yo ",13,0,13_0
13_01,,13,1,13_1
13_02,,13,2,13_2
13_03,,13,3,13_3
13_04,,13,4,13_4
13_05,"WY ccniyLanpl  Warkfrteg, Bin Gasloe vane  Afeorixr abel  ",13,5,13_5
13_06,4 ‘  SEGYl| ABP | $6202  | uid = tg 08  «ganibycy 4f |  ,13,6,13_6
13_07,,13,7,13_7
13_08,,13,8,13_8
13_09,F  yb 0)  loaf  Damglaice~ Guittaums Paseiee a  : 700  G OP \Lffubhe  ,13,9,13_9
13_10,". | TG ; Bef aN tae ay, sey: | Jie - 99 Gey) pueff Othorbs> G9 Soeeal . :  agih. 4d 19/9 - \488|. 1g/\ 440. E88 348. pow  |\402| A/S | 432. 4338 486.44  ",13,10,13_10
13_11,"ent & 49th 1918  ae pares SF OG ae, ali 494). 46. 516 ",13,11,13_11
13_12,"vg  ay 7G14  cpat ot  1918  [45 Saete 1s oo ee ere | ZN WYN WE. I3E Df |  | 478 S4/ | $0. 366. 400, pio WI ney  fa  | c  Ls - 7 ",13,12,13_12
13_13,Senet be bemts tn Ceecmnbr tg14 2  (1) Les déclarations Tectificatlves et supplémentaires Portent lo numé;  70 de la déclaration dui log nededdte or. ,13,13,13_13
14_00,"DATE DU DEPOT  DATE DU  ES OU ABSENTES. NOMS, PRE  DESIGNATION DES PERSONNES DE ark Seg ee os — i TWOEMENT WEAVOE ee en persession, DEMEURES DES PARTIES DECLARANTES. PRENOMS. DOMICILES cree eee  NOMS:  eee (en ee  DROITS DE SUCCESSION  EN LIGNE COLLATAMALE  DROIT  DE MUTATION  NUMEROS  DECLARATIONS  DATE  et de par décés, — ee MUTATION EN LIGNE DIRECTE = ane =f | VALEUR ie ae do ACTIE PARR loo ie 4 a omens ae ‘ iMMEUBLES, é a des droits,  de rectification  woménos dela  consigna: tion  des droits  [cele Pe] | Ee ee |  RECETTE CAUTION+ das NUEMENTS, ay m 2 DROITS ET AMENDES. OBSERVA TIONS. noménos vi Les déclarations aui Bgutent A 1état eomsigma 1 ne gry doivent dtre dinargées en contd tion au quence, dang La présente colonne.) DATE N sommicr  nn"" 30.  2) (2) (2) 2) — OCOD tie oe ry ' 1 1  ry ; . ",14,0,14_0
14_01,,14,1,14_1
14_02,SLVLE IVIGE  eee AQ Fy OS er  | saa  | rd Sever Jakes cl ay ipa Lien 2 ,14,2,14_2
14_03,"2 |Owmonk — stuie Att  ce  364  £040  1g Oo"" “ao  Lo punsuts> 160 Y 19L0)  ",14,3,14_3
14_04,,14,4,14_4
14_05,,14,5,14_5
14_06,,14,6,14_6
14_07,"Asbuey  | hi a ,  a  Lberi cattle,  -timul  SHS  | of; aes ae nt Ze Tied  Et he At fuitled |  4 ae | ve  ",14,7,14_7
14_08,,14,8,14_8
14_09,| i  S of iO Fives  wd Rrcoeke: ua Heuer)  TEL  ,14,9,14_9
14_10,——— ,14,10,14_10
14_11,Ne el a ay | | aut lta  i ,14,11,14_11
14_12,,14,12,14_12
14_13,"Avealt , t “1410 (1) Les déclarations rectificatives et Supp  lémentuires rte é portent le numéro de la déclaration aur les précdde, alleele digo ore ee)  (2) Négligor)  es contim  ",14,13,14_13
15_00,"i CRDEF. EN * 3 ,, cat DESIGNATION DES PERSONNES DECEDEES OU ABSENTES man NOMS, PRENOMS DROITS DE SUCCESSION prorr |NUMEROS RECETTE caUuTION- DATE DU DEPOT a Lae court baie des DATE HuxEnos ie NEMENTS  ACOEMENT DENVOL DE MUTATION dela 5 sT 4 yy mm = . ~ = ES des | i MUTATION EN LIGNE DIRECTE Z ee ton |——_ a | ; 3 possesdon, dé da dea droits sre (Les déclarations qui figarent A Létat DECLARATIONS. NOMS. | PRENOMS. DOMICILES. hort a consigna- | e413 doivent dtre dimargées en consé- Ril pbhelet! Hexigititité eeslee “ ae tion au speence, dans la présente eglonse da délai DATE N | sommier des droits. ne a8 '  i | ices Os —eEEEEEE————————————————————————————— EE  Nn“  dordre DEMEURES DES PARTIES DECLARANTES : Tr  —— VALEUR RESTANT aes FMOTRUDLES,  on cat d'absenco, ACTIF, PASSIF,  ee ese ee ee | { | @) 2)  de rectification n° 30  > ed)  ",15,0,15_0
15_01,"¥ Lge Sloe tonto Ve  Fy A awh, Ciplininy |  i, xo  4£(0 i  1£0_ “19't  28 foe | ae  AY GOYLa. 0G  ",15,1,15_1
15_02,,15,2,15_2
15_03,,15,3,15_3
15_04,,15,4,15_4
15_05,ee Nipmie| e M | E LL | ,15,5,15_5
15_06,"5 dou (derek Mane Ven le ical  i,  ppt  ",15,6,15_6
15_07,| | Arete le doc iD panmertyte ; | | ,15,7,15_7
15_08," IGYt  | : Ge Onean: | Tap faresns- SOLER DUOC Vow 4,1, Doe Z  anne ail Lee Wd Pen, pat ",15,8,15_8
15_09,,15,9,15_9
15_10,,15,10,15_10
15_11,,15,11,15_11
15_12,,15,12,15_12
15_13,| om 6 deta Metis Orspie tg A | ey rh4ee petal | Ufa oy maul Laced ego xe Les ‘arations rectificatives et sup plémen| re : | | ee ae fe tele déclaraton qy (ere th ag boryhitn ae fale aul ane us  eh a les contimes ,15,13,15_13
16_00,"a Ne Ba a RR RR DATE DU DECES  DESIGNATION DES PERSONNES DECEDEES OU ABSENTES. ¥ ae ee ae ? : y« [DATE DU DEPOT = ow da NOMS, PRENOMS BIO E  B be SUCCESSION prorr |NUMEROS RECETTE caution a | ah ach deo wes DE MUTATION os De _ des NEMENTES | "" le r Q | ea a | ot a8 par déces, DECLARATIONS consigna- | PROITS ET AMENDES. Te OBSERV ATIONS. ae | . MUTATION EN LIGNE DIRECTE Te ee numénos ordre. ) noenin _ —_—_ a | SALES NOMS. PRENOMS. DOMICILES ees RESUS ES Dees nties OECLARANTRS; (Guba: tae ee | Ee | RU : ee de eee ae (Les déclarations qut Sgarent A V'état oa eas d'absanoes RESTANT dee g Vexpiration au conslgna- | ne 434 doivent tre émargées en conse Ui ACTIPF. PASSIP. aes . 3 Piel Venigibilite acler DATE yor | tomas | quence, dans ta péentecolonse.) ST TT NET IMMEUDLES. e ee ‘hey Anil po 28 sommier 1 1 1 rT tt J i}  ",16,0,16_0
16_01,"lf phy  Laheny Zeicoy “ | 4 L4eG  IGG  wet pts  tee , CAC aah 7 aes  nonrhes dh By ",16,1,16_1
16_02,,16,2,16_2
16_03,,16,3,16_3
16_04,,16,4,16_4
16_05,,16,5,16_5
16_06,,16,6,16_6
16_07,,16,7,16_7
16_08,I  Deeciaret  |  | | ABoarcal | feiyebls | | |  x ~ Peuseuts Papa}  ee  aacaal  w  ,16,8,16_8
16_09,~ ,16,9,16_9
16_10,,16,10,16_10
16_11,,16,11,16_11
16_12,eee Gy Mvortesry. ees Hattie: CES 406940) ie aaa An : odd gis) 4¢3  L xrgza | te) ,16,12,16_12
16_13,{I} Les déclarations rect  (2) Négligor les contimes. ,16,13,16_13
17_00,"eS | epg & DATE bu pECRS A DESIGNATION DES PERSONNES DECEDEES OU ABSENTES. ye [DATE DU DEPOT  cu dn NOMS, PRENOMS DROITS DE SUCCESSION 3 ee ee | TORENT RYO des |  prorr |NUMEROS  -, Rip pL a  EN LIGNE COLLAT#MALE ul tarde. |  én RECETTE CAUTION-  DATE HUMEROS NEMENTS. DE MUTATION a dela ie = BSERVATIONS it ade par déeds DECLARATIONS consigna- | DROITS ET AMENDES. fi OBSE f NDS.  ee — ca MUTATION EN LIGNE DIRECTE = ae to. ce sd lela "" possession, Sue ‘ a ee de ise des droits DECLARATIONS. NOMS. PRENOMS, DOMICILES ; DEMEURES DES PARTIES DECLARANTES, VALEUR hoe me | ca cas dabsenice. RESTANT ee explrati | | ACTIF. PASSIF. )  ee eee ee  (Les déclarations qui fgurent 4 l'état +413 doivent étre émargées en conté- , dans la présente colonne )  consigna- DATE Nes | fianae ‘ < sommier  n* 30. | | | 1  Venigibiliré ee du délat sommier  . ne 38 de rectification des droits 2  NET IMMEUDLES, 2) (2)  2 2) @)  ",17,0,17_0
17_01,,17,1,17_1
17_02,eae Defame fina  bot  sre i “ ,17,2,17_2
17_03,40° >  i  if rhogit  a  ,17,3,17_3
17_04,,17,4,17_4
17_05,f (hoe “Py noes | ee : re 4  ,17,5,17_5
17_06,|  Avweedt’  Ds eaialde  ape Ves ,17,6,17_6
17_07,"SxY,  ",17,7,17_7
17_08,,17,8,17_8
17_09,"£90  GA  | 1 rae 1 Pocal, 27 ] “928  | aocul “le 14 |  ",17,9,17_9
17_10,,17,10,17_10
17_11,,17,11,17_11
17_12,Melby H Precetpiy Ropenu 2  tae  {oa  ii) 4 ,17,12,17_12
17_13,3  |  ea  Eg  ie ,17,13,17_13
18_00,"= i  NOMS, PRENOMS  a, a  peieeg 2 DATE DU DECES Filey DESIGNATION DES PERSONNES DECEDEES OU ABSENTES. 4 DATE DU DEPOT ou da  2 E a ee D'ENYOI des | pe at Cadre ‘ 5 possession, DEMEURES DES P. fc enenaee NOMS. PRENOMS. DOMICILES. ARTIES DECLARANTES  on cas d'absenco.  DROITS  Ex  MUTATION  ————  DE SUCCESSION  GNK COLLATERALE et de EN LIGNE D  PASSIF  2)  IRECTE  RESTANT  DROIT DE MUTATION  par déces  VALEUR des DETEUDLES,  a  NUMEEROS  des  DATE  DECLARATIONS  ll  —_—__  primitives.  |  supplémen=  taires.  de Vexpiration da délai de rectification  —_——————— f  de Vexigibilité  des droits,  xuménos dela consigna tica des droits au sommier ne 2d  RECETTE  des  DROITS ET AMENDES,  el  DATE  Neo  CAUTION~ NEMENTS,  umEnos dela consigna- tion au somrmier n° 30.  OBSERVATIONS.  {Les déclarations qui Ggarent A état nt 413 doivent Ctre émargées en consé- quence, dans la présente colonne.) ",18,0,18_0
18_01,een il  i ee  ett |  |  ,18,1,18_1
18_02,,18,2,18_2
18_03,,18,3,18_3
18_04,:  IL <p] Carlier (bt aint  SS 2569 de ‘a :  ia  on  704  Oe i  £ pe | “7qal  ue Dane lgta bf Soa  746)  Le  ,18,4,18_4
18_05,,18,5,18_5
18_06,,18,6,18_6
18_07,,18,7,18_7
18_08,Bie | | gfif| s4eb| Gey “ ¢  4 |  49 gohie oo ire 4 } ,18,8,18_8
18_09,| | coe (epg one ,18,9,18_9
18_10,cc  Rawer  Cabs  fanud 49g  ni J  Heat  90  ,18,10,18_10
18_11,"""Yeo, ",18,11,18_11
18_12,"» ‘ sieames Geese Chats oi  icare Peiprsnn Smile, |  ",18,12,18_12
18_13,r lf  @|  H  G  “94 9  1 affecté d'un CXposant. (Ciro. yn  Aaty. VaaLhr_x aulies  1054 oe  ,18,13,18_13
19_00,"j  y« [DATE DU DEPOT  des dordre.  |  |  it)  DECLARATIONS.  DESIGNATION DES PERSONNES DECEDEES OU ABSENTES.  = $$$  NOMS.  PRENOMS.  DOMICILES.  DATE DU DECES ou do JUGEMENT D'ERVO! en possesston,  oa cas absence,  NOMS, PRENOMS er  DEMEURES DES PARTIES DECLARANTES  DROITS DE SUCCESSION DROIT NUMEROS RECETTE Rg a ECETTE eM LIONE contaT#aane . setae CAUTION~ i DE MUTATION des DATE era des NENENTS. et de : * eta var décés DECLARATION = PW AN re MUTATION EN LIGNE DIRECTE par décés. ATION: pss Sy consigna- DROITS ET AMENDES, tt OBSERYV A I IONS, ~ pape = ied | eee BUMEROS reser = JALEUR des droits dela ares VALEU de wauline (Les déclarations qui Ggarent AMétat ois RESTANT des Vexpiration Pexigibi at “e n* 415 dolvent ttre dmargées en coned ACTIF PASSIF, Sane du délad exigibilitd sommier DATE New tion au quence, dans la présente colonne.} NET. ee de rectifeation des droits nt a8 ea * sommier 2 (3) 2) pees =} Pert REE 4 [ice ge = n* 30.  ",19,0,19_0
19_01,,19,1,19_1
19_02,,19,2,19_2
19_03,,19,3,19_3
19_04,,19,4,19_4
19_05,| Arate &. meuf) Pointer igre  heewoth ,19,5,19_5
19_06,"Jb Oe fine OV york, ‘Cornenlénes Peivebhu acerlsguy Atrcwim faryet < OSCa/~ SO lor 5 ag(or (2eF Posted  /f - LLY Oyptg | 7a?  | “Isto \F2E ",19,6,19_6
19_07,dass CLic. 4 audees tha 2 | 4 eee.  |  WS ,19,7,19_7
19_08,,19,8,19_8
19_09,,19,9,19_9
19_10,,19,10,19_10
19_11,"| j , Py cogs Vameulben VAY pee | | | CO"" | eb eveal ; td HELE bares ap . ; | Ow alis| Miy| Aeaatlis nels cans) — | A: | OF Legh thal Ter | | 4 | { : | | ",19,11,19_11
19_12,,19,12,19_12
19_13,"Wefan Slovijadis 4  (1) Les déclarations reo  Ufleatives et Supplémontaires portent le numéro de Ia déclaration qui  Vir | 22 ceuitarh  les Précédo, alfecté dan  ane 4g  @xXposant. (Cien «10;  a Meerl Wenn!  of na ee eee ee ee  4 #  24  G24 ",19,13,19_13
20_00,"EE  nN""  Morte  DATE DU DEPOT dea  DECLARATIONS.  DESIGNATION DES PERSONNES DECEDEES OU ABSENTES.  NOMS.  PRENOMS.  DOMICILES  PATE DU DECES ou de  IVGEMENT p'EAVOE  possetston,  on cas d'absonce.  Sango ae NOMS, PRENOMS  er  DEMEURES DES PARTIES DECLARANTES  DROITS DE SUCCE  BN LIGNE COLLATERALE  ION  et de MUTATION EN LIGNE DIRECTE _———— RESTANT NET,  (2)  AGTIF. PASSIF.  (2)  DROIT DE MUTATION par déces. VALE  des  R  IMME UTLES,  @  NUMEROS  des  DATE  DECLARATIONS  ——_—S——  —_—_  Primitives.  ‘ de de 5 Vexpiration  ae Vexigibalitd a du délai  Ey de rectification des droits  wominos dela consigna+ tion dea droits au somunier n? 28,  RE CAUTION= did NEMENTS, DROITS ET AMENDES. eat stnos ———__ dela consigna tien au  DATE Eton!  sommier n’ 30.  OBSERVATIONS.  (Les déclar ui parent & Pétat nt 443 doly margées en conse quence, dans la présente colenne )  ",20,0,20_0
20_01,,20,1,20_1
20_02,,20,2,20_2
20_03,,20,3,20_3
20_04,,20,4,20_4
20_05,,20,5,20_5
20_06,"ay)  Le thang  Feeh/ Granlves xautin | | (08,  ",20,6,20_6
20_07,,20,7,20_7
20_08,,20,8,20_8
20_09,"149 28 auf  Si elaiawx  Ve  |  | Wvebly eu ty Peheact Coresttartir, |  a ye  G4 (0  ",20,9,20_9
20_10,; a : oe ssa  song  o  Sannin nomena  ie 3 (0. Li  Zo  $60 gf  ,20,10,20_10
20_11,|  aul ,20,11,20_11
20_12,Caen torah Winéorg ty dieser’  es  oe  aaa. pares ,20,12,20_12
20_13,"+ i 4 | pane um ‘ uy R | £5 dée! t ctfleati eclarations rectificatives et supplémentaires portent le numérg de la déet, Seclaration qui jog Précdde de. offers.  fue Bormiewics Jeans  Iw laces  Eee  a ",20,13,20_13
